sample_id,intent_a,intent_b,uncertain_a,uncertain_b,adjudicated_intent,adjudication_notes
b2w-1529868ee5f31554,submit_product_feedback,submit_product_feedback,no,no,,
b2w-39129ef55d968125,product_information,delivery_time,no,no,delivery_time,
b2w-0174ceaa16c23d46,customer_service,product_issue,no,yes,product_issue,Defeito do produto é o evento principal; as dificuldades de atendimento são secundárias.
b2w-43fde04da346da56,submit_product_feedback,submit_product_feedback,no,no,,
b2w-8d2745f4cc98148f,delivery_issue,delivery_time,no,no,delivery_time,
b2w-f6708cf7bf083ec8,submit_product_feedback,submit_product_feedback,no,no,,
b2w-68318eee147ecefd,submit_product_feedback,submit_product_feedback,no,no,,
b2w-f5215077b88e013b,submit_product_feedback,submit_product_feedback,no,no,,
b2w-3023763a2b4c0604,product_information,delivery_issue,no,yes,delivery_issue,
b2w-d5875779fe45ef50,submit_product_feedback,submit_product_feedback,no,no,,
b2w-3c97fffc46a4a418,submit_product_feedback,exchange_product,no,yes,exchange_product,"A pessoa solicita troca ou cancelamento; entre os rótulos disponíveis, troca é o mais próximo."
b2w-ea8cd8c0f14f8cfc,submit_product_feedback,submit_product_feedback,no,no,,
b2w-a61e96597abe80d9,submit_product_feedback,submit_product_feedback,no,no,,
b2w-aeb0a5f6f1906a8b,shipping_costs,shipping_costs,no,no,,
b2w-a90f2852e93c9e9d,submit_product_feedback,submit_product_feedback,no,no,,
b2w-6dbd601afa8b9cbc,submit_product_feedback,submit_product_feedback,no,no,,
b2w-606c5489698147e9,submit_product_feedback,submit_product_feedback,no,no,,
b2w-fb7abe282e4cfdf4,delivery_issue,delivery_issue,no,yes,,
b2w-c84bcb920dd89516,submit_product_feedback,submit_product_feedback,no,no,,
b2w-53f166a6d19f7e72,submit_product_feedback,submit_product_feedback,no,no,,
b2w-9e51d4901c32e2ac,submit_product_feedback,submit_product_feedback,no,no,,
b2w-01c34f72c0688e8b,submit_product_feedback,submit_product_feedback,no,no,,
b2w-98a57b590c3844b2,track_delivery,track_delivery,no,no,,
b2w-9b0f4e6c730e499b,delivery_time,delivery_time,no,no,,
b2w-7f2bd50054cd51e7,submit_product_feedback,product_issue,no,no,product_issue,
b2w-439ee0ad7ce99a83,submit_product_feedback,submit_product_feedback,no,no,,
b2w-dc7f3991ed066784,submit_product_feedback,submit_product_feedback,no,no,,
b2w-d1c789440b3aaa5c,submit_product_feedback,submit_product_feedback,no,no,,
b2w-516ffa8c66f4c40c,exchange_product,exchange_product,no,yes,,
b2w-33281aece82b2b23,submit_product_feedback,submit_product_feedback,no,no,,
b2w-e5792232b8bfa4db,submit_product_feedback,submit_product_feedback,no,no,,
b2w-4d7f28fe3ff03e6e,submit_product_feedback,submit_product_feedback,no,no,,
b2w-383100b7681791a8,cancel_order,cancel_order,no,no,,
b2w-ef26ef1fb131dbf7,delivery_issue,delivery_issue,no,no,,
b2w-570d6f45ee075e91,delivery_time,product_issue,no,yes,product_issue,"Há atraso e frete caro, mas a falha concreta do produto é o ruído de interferência."
b2w-24806d6e5d431742,submit_product_feedback,submit_product_feedback,no,no,,
b2w-eb72084cce6a739a,submit_product_feedback,submit_product_feedback,no,no,,
b2w-3f4c26d14319ccba,delivery_issue,delivery_issue,no,no,,
b2w-13b92dc4a394649f,submit_product_feedback,submit_product_feedback,no,no,,
b2w-a849581b4d7a2b58,product_issue,product_issue,no,no,,
b2w-cc917cc9c51a7a6f,submit_feedback,missing_item,no,yes,missing_item,"Embora seja um elogio geral, aponta objetivamente a ausência de um parafuso."
b2w-07ef8a4be4546e91,product_issue,product_issue,no,no,,
b2w-27b89ddeca3efc69,submit_product_feedback,submit_product_feedback,no,no,,
b2w-c59982650dd18376,product_issue,product_issue,no,no,,
b2w-727eda5a4f772d00,delivery_issue,delivery_time,no,no,delivery_time,
b2w-35e7e12f5b09d081,product_issue,product_issue,no,yes,,
b2w-26c11f5b83ea10ed,product_issue,product_issue,no,no,,
b2w-a17fc31f3dc2cc70,submit_product_feedback,request_refund,no,yes,request_refund,
b2w-6b7a021bbb3b3655,submit_product_feedback,submit_product_feedback,no,no,,
b2w-6574e5ad1c867fe2,delivery_issue,delivery_issue,no,yes,,
b2w-ea01379bd19924a4,shipping_costs,product_issue,no,yes,product_issue,"Há frete separado, porém a longa reclamação se concentra no prazo/estado da pilha."
b2w-2667e0e81ec579ba,submit_product_feedback,submit_product_feedback,no,no,,
b2w-c8acf26ebdfa9f86,product_issue,product_issue,no,no,,
b2w-d7bd2de39bd64764,submit_product_feedback,submit_product_feedback,no,no,,
b2w-09abc7da7e1f0506,technical_issue,product_issue,no,no,technical_issue,Falha de sincronização com o app é um problema técnico específico.
b2w-83baa34aec1806bb,wrong_item,wrong_item,no,no,,
b2w-04734655ab23eb27,submit_product_feedback,product_issue,no,no,product_issue,
b2w-f717f3cb8decd617,product_issue,product_issue,no,no,,
b2w-12ed16d9449d634a,submit_product_feedback,product_issue,no,no,product_issue,
b2w-faad2e7e8ad57212,damaged_delivery,damaged_delivery,no,yes,,
b2w-9bd56521be53e940,submit_product_feedback,submit_product_feedback,no,no,,
b2w-7b5fc0254a5abbac,submit_product_feedback,product_issue,no,no,product_issue,
b2w-a4be67b2082ec370,submit_product_feedback,submit_product_feedback,no,no,,
b2w-f0855e3090ef29b1,submit_product_feedback,submit_product_feedback,no,no,,
b2w-fc87cd4f15b84667,delivery_issue,delivery_time,no,no,delivery_time,
b2w-9edb7f36961361a7,submit_product_feedback,submit_product_feedback,no,no,,
b2w-c0acba5a2adf1e80,submit_product_feedback,submit_product_feedback,no,no,,
b2w-14ab6f8083248148,delivery_issue,delivery_issue,no,yes,,
b2w-ae637debd5d2f992,submit_product_feedback,submit_product_feedback,no,no,,
b2w-6f67448e9142d524,submit_product_feedback,submit_product_feedback,no,no,,
b2w-ecb521f125c1fbaa,submit_product_feedback,submit_product_feedback,no,no,,
b2w-102927a991866579,submit_product_feedback,submit_product_feedback,no,no,,
b2w-5e5143f825e65dbd,submit_product_feedback,submit_product_feedback,no,no,,
b2w-76cb31cd26619ac2,shipping_costs,shipping_costs,no,no,,
b2w-6b4023df8a86acc2,submit_product_feedback,submit_product_feedback,no,no,,
b2w-b5353aca588743be,submit_product_feedback,submit_product_feedback,no,no,,
b2w-eb560529d65fc65a,delivery_time,customer_service,no,yes,customer_service,"O atraso importa, mas a avaliação se concentra no retorno tardio do pós-venda."
b2w-40bb4c0da5319929,product_issue,product_issue,no,no,,
b2w-3fca2e7f43927cae,submit_product_feedback,submit_product_feedback,no,no,,
b2w-84cae138501c39a8,submit_product_feedback,submit_product_feedback,no,no,,
b2w-2640ab1646ee5210,submit_product_feedback,submit_product_feedback,no,no,,
b2w-5750255ac83176e3,request_refund,request_refund,no,yes,,
b2w-c1c542a75077f724,submit_product_feedback,submit_product_feedback,no,no,,
b2w-be36d60d452eea8b,submit_product_feedback,submit_product_feedback,no,no,,
b2w-ca596bfac9de79ab,submit_product_feedback,submit_product_feedback,no,no,,
b2w-f2357d894ae2ef90,damaged_delivery,damaged_delivery,no,yes,,
b2w-7d9b8e02b2b738bb,submit_product_feedback,submit_product_feedback,no,no,,
b2w-42ad1c01695258ee,submit_product_feedback,submit_product_feedback,no,no,,
b2w-70c6b548c4f547f3,submit_product_feedback,submit_product_feedback,no,no,,
b2w-d225a63ab32ff176,damaged_delivery,damaged_delivery,no,yes,,
b2w-59d10b15eead36f5,submit_product_feedback,submit_product_feedback,no,no,,
b2w-a1dc948c726493e2,submit_product_feedback,submit_product_feedback,no,no,,
b2w-656e6af65d2311e6,submit_product_feedback,submit_product_feedback,no,no,,
b2w-abee56e01a94f78a,submit_product_feedback,submit_product_feedback,no,no,,
b2w-d0b696177a95ddaa,submit_product_feedback,submit_product_feedback,no,no,,
b2w-230704013d91fe5d,submit_product_feedback,submit_product_feedback,no,no,,
b2w-d6c8a131c50a5bb1,delivery_issue,delivery_issue,no,no,,
b2w-794e1ffad9f49065,submit_product_feedback,product_issue,no,no,product_issue,
b2w-1137d04ebc68ceb7,submit_product_feedback,submit_product_feedback,no,no,,
b2w-e9997e5ddd4ad8dc,submit_product_feedback,product_issue,no,yes,product_issue,
b2w-94016d1c68c1dbc5,submit_product_feedback,submit_product_feedback,no,no,,
b2w-4c8ecc475294e1e5,submit_product_feedback,submit_product_feedback,no,no,,
b2w-11cc24de2aabfdb3,product_issue,product_issue,no,no,,
b2w-1cff693ccaf3948a,submit_product_feedback,submit_product_feedback,no,no,,
b2w-ec40d90de9c8edb5,submit_product_feedback,submit_product_feedback,no,no,,
b2w-1d82ff8a2a93acb3,submit_product_feedback,wrong_item,no,yes,wrong_item,Cor diferente da anunciada caracteriza item divergente; devolução e reembolso são consequências.
b2w-43642e96f308129c,submit_product_feedback,submit_product_feedback,no,no,,
b2w-eb278285231e8812,submit_product_feedback,submit_product_feedback,no,yes,,
b2w-4d665a85abf5ce3b,submit_product_feedback,delivery_issue,no,yes,delivery_issue,Cancelamento unilateral impediu a entrega; a demanda prática é receber o pedido.
b2w-6c2b9c545d8585b1,submit_product_feedback,product_information,no,no,product_information,
b2w-20bea6e2b85c80f8,submit_product_feedback,submit_product_feedback,no,no,,
b2w-4ce22e425c6d9e68,submit_product_feedback,submit_product_feedback,no,no,,
b2w-77c7ea437dc06cf0,submit_product_feedback,submit_product_feedback,no,no,,
b2w-fd576abc1a4a8688,delivery_issue,delivery_issue,no,no,,
b2w-c612f958a99a66fb,delivery_time,submit_product_feedback,no,yes,submit_product_feedback,A avaliação é predominantemente positiva sobre a bota; o atraso é uma ressalva.
b2w-f443ec61b1f72ecc,submit_product_feedback,submit_product_feedback,no,no,,
b2w-baa667d28e89aff0,submit_product_feedback,missing_item,no,no,missing_item,
b2w-53391ca53bcad092,submit_product_feedback,submit_feedback,no,yes,submit_feedback,
b2w-eecafb35ba94d19f,submit_product_feedback,product_issue,no,yes,product_issue,
b2w-64aea42662bececb,submit_product_feedback,missing_item,no,yes,missing_item,
b2w-ec860849e2ea29ae,product_information,product_information,no,no,,
b2w-f4ddf8108d2ed89e,shipping_costs,shipping_costs,no,no,,
b2w-73133bf365481310,submit_product_feedback,submit_product_feedback,no,no,,
b2w-7746fccbd73042dd,submit_product_feedback,delivery_issue,no,yes,delivery_issue,"A falha é na entrega ao endereço, não apenas no tempo decorrido."
b2w-ed2506400ec985f1,submit_product_feedback,submit_product_feedback,no,no,,
b2w-0ee0804331fab5b3,damaged_delivery,customer_service,no,yes,customer_service,O foco avaliativo é o atendimento e a solução rápida após a avaria.
b2w-7b7a5dd2099703c3,submit_product_feedback,submit_product_feedback,no,no,,
b2w-7d3960efd8a2c593,submit_product_feedback,submit_feedback,no,no,submit_feedback,
b2w-a1edaaf44b99a894,submit_product_feedback,submit_product_feedback,no,no,,
b2w-89426a350767658e,submit_product_feedback,submit_product_feedback,no,no,,
b2w-3151e155b1611048,submit_product_feedback,return_product,no,yes,return_product,"A intenção de devolver aparece de forma explícita, ainda que motivada por insatisfação com o produto."
b2w-cad9d601374c3d18,submit_product_feedback,product_issue,no,yes,product_issue,
b2w-8d541e75281c7213,submit_product_feedback,submit_product_feedback,no,no,,
b2w-8148e7e0505c835c,submit_product_feedback,submit_product_feedback,no,no,,
b2w-f4ed876bfa6593d1,submit_product_feedback,submit_product_feedback,no,no,,
b2w-36882daeb026e027,delivery_issue,delivery_time,no,no,delivery_issue,"Relata não recebimento, sem indicar prazo vencido."
b2w-90f72393a75bdda7,submit_product_feedback,submit_feedback,no,no,submit_feedback,
b2w-1b688c42dae994e8,product_issue,product_issue,no,no,,
b2w-6b207171ee38d02d,submit_product_feedback,product_issue,no,no,product_issue,
b2w-425b416db4ff4b1d,submit_product_feedback,submit_product_feedback,no,no,,
b2w-a8e781300817bd7d,delivery_issue,delivery_issue,no,no,,
b2w-3e7e689ff616d646,submit_product_feedback,submit_product_feedback,no,no,,
b2w-b4d022c8021264d9,submit_product_feedback,submit_product_feedback,no,no,,
b2w-d8d63363c0e6b18c,delivery_issue,delivery_issue,no,yes,,
b2w-c1f07ce05b7ecba3,submit_product_feedback,submit_product_feedback,no,no,,
b2w-049b493d794c1678,submit_product_feedback,submit_product_feedback,no,no,,
b2w-5baaf9dfe3c5c6b7,submit_product_feedback,product_issue,no,yes,product_issue,
b2w-7592b019d5923b8b,submit_product_feedback,submit_product_feedback,no,no,,
b2w-81b74f69417847e7,submit_product_feedback,submit_product_feedback,no,no,,
b2w-464874c1003749f7,submit_product_feedback,submit_product_feedback,no,no,,
b2w-9c6ebcd1c80c2571,submit_product_feedback,product_issue,no,no,product_issue,
b2w-70a525ff9130e9df,submit_product_feedback,delivery_time,no,no,delivery_time,
b2w-b021598f05e425e7,return_product,wrong_item,no,yes,wrong_item,Volumes repetidos tornam o produto entregue divergente; a devolução é a providência buscada.
b2w-8575961feb14fd11,delivery_issue,missing_item,no,no,missing_item,
b2w-48bf7fd0326e6b80,submit_product_feedback,submit_product_feedback,no,no,,
b2w-a3d3a5d64be7906b,submit_product_feedback,submit_product_feedback,no,no,,
b2w-abeac30f39ff8375,delivery_issue,delivery_issue,no,no,,
b2w-ff5e8ad1bb8cb817,delivery_issue,delivery_issue,no,no,,
b2w-66c08e141b00b4c5,submit_product_feedback,submit_product_feedback,no,no,,
b2w-d71737a445c2a6f5,product_information,submit_feedback,no,yes,submit_feedback,
b2w-6262caa2036578ca,submit_product_feedback,submit_product_feedback,no,no,,
b2w-b1c5cf3e97759a3e,submit_product_feedback,submit_product_feedback,no,no,,
b2w-4ed1dffe48baa20a,submit_product_feedback,submit_product_feedback,no,no,,
b2w-b04940ef6c962756,wrong_item,product_issue,no,yes,product_issue,
b2w-9c04f425074d546f,submit_product_feedback,submit_product_feedback,no,no,,
b2w-57fb0b6e994e719f,submit_product_feedback,submit_product_feedback,no,no,,
b2w-9ccb24f06fb3f04e,product_issue,product_issue,no,no,,
b2w-8e387ba650c5ce04,wrong_item,wrong_item,no,no,,
b2w-242aa0afe022bc0e,submit_product_feedback,submit_product_feedback,no,no,,
b2w-7f84181a2e5bbd79,product_information,product_issue,no,no,technical_issue,Erros recorrentes nos aplicativos caracterizam falha técnica.
b2w-75f13740a7bf3a1c,submit_product_feedback,product_issue,no,yes,wrong_item,O item recebido não corresponde às fotos do anúncio.
b2w-a0f94119e032a64e,submit_product_feedback,track_delivery,no,no,track_delivery,"A pessoa está aguardando atualização de entrega, sem afirmar atraso."
b2w-f8705d892a5b42cb,submit_product_feedback,submit_product_feedback,no,no,,
b2w-5541717c57d89f9a,product_issue,damaged_delivery,no,no,damaged_delivery,
b2w-46f6f6ebc0e7c884,submit_product_feedback,submit_product_feedback,no,no,,
b2w-9c0de46b103dcde2,submit_product_feedback,product_issue,no,yes,wrong_item,Recebeu produto de marca diferente da anunciada como original.
b2w-97d536fd24fd1f04,submit_product_feedback,submit_product_feedback,no,no,,
b2w-19ef5a482840e184,submit_product_feedback,product_issue,no,no,product_issue,
b2w-a8cdaf8a76c26650,submit_product_feedback,return_product,no,yes,return_product,"Apesar de citar garantia, manifesta arrependimento e intenção de não ficar com o produto."
b2w-7a66fe8b8f21293d,submit_product_feedback,submit_product_feedback,no,no,,
b2w-6b98ff037edf47d9,submit_product_feedback,submit_product_feedback,no,no,,
b2w-ac116b6c8405dbeb,submit_product_feedback,wrong_item,no,no,wrong_item,
b2w-364ffc10876ce770,submit_product_feedback,submit_product_feedback,no,no,,
b2w-414430e5a9e75d63,product_information,product_information,no,no,,
b2w-8a55a532d6f8dd21,submit_product_feedback,submit_product_feedback,no,no,,
b2w-8e849f2049c507ec,submit_product_feedback,submit_product_feedback,no,no,,
b2w-1d39c5acfb198fce,submit_product_feedback,submit_product_feedback,no,no,,
b2w-62b831a6eb5b65f3,delivery_issue,delivery_time,no,no,delivery_time,
b2w-a843bab4ea36d067,submit_product_feedback,submit_product_feedback,no,no,,
b2w-0225b506ce471a03,submit_product_feedback,exchange_product,no,no,exchange_product,
b2w-5b3bc7a37769e6f4,submit_product_feedback,submit_product_feedback,no,no,,
b2w-0a006288ba699457,submit_product_feedback,submit_product_feedback,no,no,,
b2w-95a35fd2a210bf4d,submit_product_feedback,submit_product_feedback,no,no,,
b2w-6516f5d44df61979,submit_product_feedback,submit_product_feedback,no,no,,
b2w-c49cd65e1b3ffb8e,submit_product_feedback,submit_feedback,no,no,submit_feedback,
b2w-1c4778f6e7ecc77a,submit_product_feedback,submit_product_feedback,no,no,,
b2w-40d6dcef1ca34b6d,submit_product_feedback,submit_product_feedback,no,no,,
b2w-69f8f653ddaf90a3,submit_product_feedback,product_issue,no,no,product_issue,
b2w-689d8005c13796ef,submit_product_feedback,missing_item,no,yes,missing_item,
b2w-67fe4bba820e849a,submit_product_feedback,submit_product_feedback,no,no,,
b2w-ff054d37000d26b7,submit_product_feedback,submit_product_feedback,no,no,,
b2w-4f0b4410f8bda945,delivery_issue,delivery_issue,no,no,,
b2w-dbe673c62a21743d,submit_product_feedback,submit_product_feedback,no,no,,
b2w-c96f3c9d35ddd024,product_information,product_issue,no,yes,product_issue,
b2w-79c8830d41cb11b5,submit_product_feedback,submit_product_feedback,no,no,,
b2w-e1f60fa5fc590fa9,damaged_delivery,product_issue,no,no,product_issue,
b2w-22debff9f60f7f1d,submit_product_feedback,submit_product_feedback,no,no,,
b2w-ffea4e0a3f4ee596,submit_product_feedback,submit_product_feedback,no,no,,
b2w-62c0784fc95f1fe4,submit_product_feedback,submit_product_feedback,no,no,,
b2w-b0269e82c04846b6,submit_product_feedback,submit_product_feedback,no,no,,
b2w-2b023be63a54432e,submit_product_feedback,submit_product_feedback,no,no,,
b2w-a016908613270ff9,submit_product_feedback,product_issue,no,yes,product_issue,
b2w-3d6e415875949726,submit_product_feedback,submit_product_feedback,no,no,,
b2w-7b2c680e924a38ac,submit_product_feedback,submit_product_feedback,no,no,,
b2w-ad85aa0a86b6a347,submit_product_feedback,submit_product_feedback,no,no,,
b2w-3e880ce4167ce3f6,submit_product_feedback,submit_product_feedback,no,no,,
b2w-8b46893d270722f7,submit_product_feedback,submit_product_feedback,no,no,,
b2w-eb832d9599c65b71,submit_product_feedback,damaged_delivery,no,yes,damaged_delivery,
b2w-e76ca853d9c147bb,submit_product_feedback,submit_product_feedback,no,no,,
b2w-3cbe6197b514bcf9,delivery_issue,delivery_time,no,no,delivery_time,
b2w-74cd3a207a00cde2,submit_product_feedback,submit_product_feedback,no,no,,
b2w-27fbbcb335240411,submit_product_feedback,submit_product_feedback,no,no,,
b2w-4ded1b19b94f4e30,submit_product_feedback,damaged_delivery,no,no,damaged_delivery,
b2w-bfb54df3605a1016,submit_product_feedback,submit_product_feedback,no,no,,
b2w-06779ecc390e384f,submit_product_feedback,missing_item,no,no,missing_item,
b2w-88c761d30f6862ce,submit_product_feedback,submit_product_feedback,no,no,,
b2w-5612e1aab1e4f8e6,submit_product_feedback,submit_product_feedback,no,no,,
b2w-3cbac6dec7d6dec3,submit_product_feedback,submit_product_feedback,no,no,,
b2w-f11bfc8b3b8855a7,submit_product_feedback,submit_feedback,yes,yes,submit_feedback,Texto inválido/insuficiente; rótulo mantido com baixa confiança.
b2w-9a8197b000138b46,submit_product_feedback,delivery_time,no,no,delivery_time,
b2w-7c72627c88505007,delivery_issue,delivery_time,no,no,delivery_time,
b2w-08671400919282b3,product_issue,exchange_product,no,yes,exchange_product,"Pedido de troca é explícito, embora o relato também descreva defeito e mau atendimento."
b2w-335ec1abd0aba23d,submit_product_feedback,submit_feedback,no,yes,submit_feedback,
b2w-cd381671e8c87d92,submit_product_feedback,product_issue,no,no,product_issue,
b2w-c940769831f32fc6,submit_product_feedback,submit_product_feedback,no,no,,
b2w-19116ac34497a71e,submit_product_feedback,submit_product_feedback,no,no,,
b2w-3ede3aeca3b9d938,submit_product_feedback,submit_product_feedback,no,no,,
b2w-31b7e94582d27a82,submit_product_feedback,submit_product_feedback,no,no,,
b2w-65a70c4f2f4c7fe2,submit_product_feedback,delivery_time,no,no,delivery_time,
b2w-20a961c3db08a559,submit_product_feedback,submit_product_feedback,no,no,,
b2w-d06f1ec25c1e3aa9,submit_product_feedback,submit_product_feedback,no,no,,
b2w-0b282db39ecb7a35,submit_product_feedback,missing_item,no,yes,missing_item,
b2w-ceaa662a8a426648,submit_product_feedback,submit_product_feedback,no,no,,
b2w-da83422ea7d30f36,delivery_issue,delivery_issue,no,no,,
b2w-944d9fa24f86f421,submit_product_feedback,submit_product_feedback,no,no,,
b2w-8b43459455d263b4,submit_product_feedback,damaged_delivery,no,no,damaged_delivery,
b2w-eec63ada227ec934,customer_service,availability_online,no,yes,availability_online,O problema-base é anúncio ativo sem estoque após a compra.
b2w-84d1dfdd74f66ba7,product_issue,product_issue,no,no,,
b2w-d4140ca7b4b02dfb,submit_product_feedback,submit_product_feedback,no,no,,
b2w-b6106e3bdcf782f3,missing_item,missing_item,no,no,,
b2w-82f3879bd2b1afb3,submit_product_feedback,submit_product_feedback,no,no,,
b2w-9cc974d4f40dfde0,submit_product_feedback,submit_product_feedback,no,no,,
b2w-a174cfde38df4c71,submit_product_feedback,submit_product_feedback,no,no,,
b2w-fa809358ea8fa447,request_refund,request_refund,no,yes,,
b2w-1aecf5bb738a1d20,submit_product_feedback,submit_product_feedback,no,no,,
b2w-c58bf0d8f8ac3868,submit_product_feedback,submit_product_feedback,no,no,,
b2w-37afa096220c2c2d,delivery_issue,delivery_issue,no,no,,
b2w-23043f265e4fdd5b,delivery_time,product_issue,no,no,product_issue,
b2w-0c00840a353b4623,product_information,product_issue,no,yes,product_issue,
b2w-d3f693b76209026e,submit_product_feedback,submit_product_feedback,no,no,,
b2w-704b7706f17f587a,submit_product_feedback,product_information,no,no,product_information,
b2w-87bf1fee67a5b945,track_delivery,delivery_time,no,no,track_delivery,O pedido central é uma atualização/número de rastreio.
b2w-e715f29e1e25fdef,submit_product_feedback,submit_product_feedback,no,no,,
b2w-3bf43ab58722a1a3,delivery_issue,delivery_time,no,no,delivery_time,Há indicação de que a entrega deveria ter ocorrido dias antes; portanto é atraso.
b2w-cf4fda25ce779aae,submit_product_feedback,product_issue,no,no,product_issue,
b2w-1a6ba372944e32b3,submit_product_feedback,submit_product_feedback,no,no,,
b2w-24f8f275ecf43114,submit_product_feedback,submit_product_feedback,no,no,,
b2w-b6d30cf2f0c9cf8b,product_issue,product_issue,no,no,,
b2w-ed2e2435e4d19aa3,submit_product_feedback,submit_product_feedback,no,no,,
b2w-ef95b9a9992fbe78,product_information,product_information,no,no,,
b2w-be73980186c0206b,product_issue,product_issue,no,no,,
b2w-957c4bfe979ff039,submit_product_feedback,submit_feedback,yes,yes,submit_feedback,
b2w-265068ca3a5dbe6a,submit_product_feedback,submit_product_feedback,no,no,,
b2w-47ac8910ab0301f2,submit_product_feedback,submit_product_feedback,no,no,,
b2w-97c57b2f2bf70dac,submit_product_feedback,submit_product_feedback,no,no,,
b2w-41909d76019dcab2,submit_product_feedback,submit_product_feedback,no,no,,
b2w-49fdad20d4617cc1,submit_product_feedback,submit_product_feedback,no,no,,
b2w-bafa6d2786ae3d21,submit_product_feedback,submit_product_feedback,no,no,,
b2w-e5f55a8ee4a57522,wrong_item,wrong_item,no,yes,,
b2w-89bae355668aa205,product_issue,product_issue,no,yes,,
b2w-29a6260cc403bf65,submit_product_feedback,submit_product_feedback,no,no,,
b2w-34289bdbea0f4965,submit_product_feedback,submit_product_feedback,no,no,,
b2w-7d068ada878fd39c,submit_product_feedback,submit_product_feedback,no,no,,
b2w-7f93852b9a8078f0,submit_product_feedback,submit_product_feedback,no,no,,
b2w-876cfad3cf80731c,missing_item,missing_item,no,yes,,
b2w-073e62d137cb041c,submit_product_feedback,submit_product_feedback,no,no,,
b2w-db94ecc5fc5e8a90,submit_product_feedback,submit_product_feedback,no,no,,
b2w-1d5e97d21f324d22,submit_product_feedback,submit_product_feedback,no,no,,
b2w-10c42726d48cd4fb,submit_product_feedback,submit_product_feedback,no,no,,
b2w-84b4e26345ed57b6,submit_product_feedback,submit_product_feedback,no,no,,
b2w-49c7f6b8c5fe8d67,submit_product_feedback,submit_product_feedback,no,no,,
b2w-077cb8b5daa97656,submit_product_feedback,submit_product_feedback,no,no,,
b2w-d487c65d4174f97b,submit_product_feedback,submit_product_feedback,no,no,,
b2w-76c09ad323b1b06f,submit_product_feedback,product_issue,no,no,product_issue,
b2w-1f69ea38734e52a5,submit_product_feedback,submit_product_feedback,no,no,,
b2w-332d55027a7bc9fa,submit_product_feedback,submit_product_feedback,no,no,,
b2w-75143cb6a85484dc,submit_product_feedback,submit_product_feedback,no,no,,
b2w-383a3cf6af0b0a59,submit_product_feedback,submit_product_feedback,no,no,,
b2w-27722934603f3db3,submit_product_feedback,submit_product_feedback,no,no,,
b2w-20cef7b35e85ec37,submit_product_feedback,submit_product_feedback,no,no,,
b2w-f1c6afc9379824c7,submit_product_feedback,submit_product_feedback,no,no,,
b2w-ea77f98ea0f449b8,submit_product_feedback,submit_product_feedback,no,no,,
b2w-c3359b4ecec70260,submit_product_feedback,submit_product_feedback,no,no,,
b2w-0a73aea215e1c625,submit_product_feedback,submit_product_feedback,no,no,,
b2w-233327b34075e4b8,submit_product_feedback,submit_product_feedback,no,no,,
b2w-2cb83ec84238ee7d,submit_product_feedback,product_issue,no,no,product_issue,
b2w-5bb10acbc9bc6331,submit_product_feedback,submit_product_feedback,no,no,,
b2w-6b7ff43311b6a747,submit_product_feedback,submit_product_feedback,no,no,,
b2w-4dc542339b4178e8,submit_product_feedback,submit_product_feedback,no,yes,,
b2w-469b77c07de55bd0,product_issue,product_issue,no,no,,
b2w-856518cb0e3ded8f,submit_product_feedback,submit_product_feedback,no,no,,
b2w-8dd7cc856207c2e5,submit_product_feedback,submit_product_feedback,no,no,,
b2w-d973907afca08dbc,submit_product_feedback,submit_product_feedback,no,no,,
b2w-538824fecbb23039,submit_product_feedback,submit_product_feedback,no,no,,
b2w-fd8b3ee68bb8a3d4,submit_product_feedback,product_information,no,no,product_information,
b2w-a17d8d36211427ec,delivery_issue,delivery_time,no,no,delivery_time,
b2w-efb640425cbbf698,submit_product_feedback,submit_product_feedback,no,no,,
b2w-245432c8cedf1749,submit_product_feedback,product_issue,no,no,product_issue,
b2w-b3204f54a81df8fe,submit_product_feedback,submit_product_feedback,no,no,,
b2w-f83052c586c4a37c,submit_product_feedback,submit_product_feedback,no,no,,
b2w-3a01b861abaab5e4,submit_product_feedback,product_issue,no,yes,product_issue,
b2w-dbd68e5de1f00fe5,submit_product_feedback,submit_product_feedback,no,no,,
b2w-7840a1c885cfc541,delivery_time,delivery_time,no,no,,
b2w-081641ac7248bfe1,submit_product_feedback,submit_product_feedback,no,no,,
b2w-7168c7fa1924d2b6,delivery_issue,delivery_time,no,no,delivery_time,
b2w-beb634683b607026,damaged_delivery,damaged_delivery,no,no,,
b2w-a95a46f55b9da64d,submit_product_feedback,product_issue,no,no,product_issue,
b2w-ba894aa91cb92018,submit_product_feedback,submit_product_feedback,no,no,,
b2w-6a0fda463b3fc62e,submit_product_feedback,product_issue,no,yes,product_issue,"Sem assistência e sem peça de reposição, a reclamação recai sobre a impossibilidade de usar o produto."
b2w-0d3be202f8bc339d,submit_product_feedback,submit_product_feedback,no,no,,
b2w-f403501d64faf80c,submit_product_feedback,product_issue,no,no,product_issue,
b2w-f85c50bed18c583c,delivery_issue,delivery_issue,no,yes,,
b2w-bae5fcddba33dcd0,technical_issue,product_issue,no,no,technical_issue,O defeito de sincronização é a queixa principal; a compatibilidade também é técnica.
b2w-e029f4f9ec0c0f19,damaged_delivery,damaged_delivery,no,yes,,
b2w-c49b91462a78a52c,product_issue,product_issue,no,no,,
b2w-b3d8944b7d67d6a8,submit_product_feedback,submit_product_feedback,no,no,,
b2w-8c2f5f045074b0e1,submit_product_feedback,submit_product_feedback,no,no,,
b2w-e84da599443b900f,submit_product_feedback,submit_product_feedback,no,no,,
b2w-e0fc8c0f97a63450,submit_product_feedback,submit_product_feedback,no,no,,
b2w-b52c487822c9fb52,submit_product_feedback,submit_product_feedback,no,no,,
b2w-3736b34309cbb9f0,damaged_delivery,damaged_delivery,no,no,,
b2w-0c42def37fdda950,submit_product_feedback,submit_product_feedback,no,no,,
b2w-c05b89c083959b55,submit_product_feedback,submit_product_feedback,no,no,,
b2w-98e774efa3f00d05,submit_product_feedback,submit_product_feedback,no,no,,
b2w-d67415e23330ca3e,submit_product_feedback,submit_product_feedback,no,no,,
b2w-126f3c8232373e94,product_information,submit_product_feedback,no,no,submit_product_feedback,
b2w-b38b30ab93569f73,submit_product_feedback,submit_product_feedback,no,no,,
b2w-3711c397f512aab3,submit_product_feedback,submit_product_feedback,no,no,,
b2w-f8dfa1a3559858e8,submit_product_feedback,submit_product_feedback,no,no,,
b2w-b960ec410773f615,submit_feedback,submit_product_feedback,no,no,submit_feedback,"É um elogio à loja e à transportadora, não uma avaliação do produto."
b2w-25bc7fabf8f46d9a,submit_product_feedback,submit_product_feedback,no,no,,
b2w-48d34c1608366d60,submit_product_feedback,submit_product_feedback,no,no,,
b2w-7d87f7d6f7a14714,product_issue,product_issue,no,yes,,
b2w-f7aebaf26e722158,submit_product_feedback,submit_product_feedback,no,no,,
b2w-f8383ff5e855b0a0,return_product,return_product,no,yes,,
b2w-158224a9c939e9aa,submit_product_feedback,submit_product_feedback,no,no,,
b2w-e158d5ee6cf82d15,submit_product_feedback,submit_product_feedback,no,no,,
b2w-8795cfe81c402b5e,submit_product_feedback,submit_product_feedback,no,no,,
b2w-3a53d6abdf1dbcf8,submit_product_feedback,submit_product_feedback,no,no,,
b2w-4f792d59b08222a7,submit_product_feedback,submit_product_feedback,no,no,,
b2w-cdf695a196c9f3f0,submit_product_feedback,wrong_item,no,yes,wrong_item,
b2w-6fcc9e1b780e20f6,submit_product_feedback,submit_product_feedback,no,no,,
b2w-e0c4753d0ee5e0a2,product_issue,submit_product_feedback,no,no,product_issue,A lentidão do sistema é uma falha de funcionamento do produto.
b2w-623eed5d463e0254,delivery_issue,delivery_time,no,no,delivery_time,O próprio texto informa que o prazo está atrasado.
b2w-460b3e0517bee3d2,missing_item,product_issue,no,yes,product_issue,"Há falta de manual e cor divergente, mas o problema funcional (sem sucção) predomina."
b2w-6b8c736cb8471382,delivery_issue,delivery_time,no,no,delivery_time,
b2w-2254f5d65fe59732,submit_product_feedback,submit_product_feedback,no,no,,
b2w-79e3d5aa11bb1186,submit_product_feedback,submit_product_feedback,no,no,,
b2w-7fb7e9d60f9b14f1,submit_product_feedback,submit_product_feedback,no,no,,
b2w-045e6837be134f3d,submit_product_feedback,submit_product_feedback,no,no,,
b2w-bf691508f8f1553d,delivery_issue,delivery_issue,no,no,,
b2w-6bf8358ef1811d57,submit_product_feedback,submit_product_feedback,no,no,,
b2w-163c6a55cdc38e44,submit_product_feedback,submit_product_feedback,no,no,,
b2w-d8ca5af9c5696808,damaged_delivery,damaged_delivery,no,no,,
b2w-912db71fbd8b5f2c,submit_product_feedback,submit_product_feedback,no,no,,
b2w-fa70f7e6ba415961,submit_product_feedback,submit_product_feedback,no,no,,
b2w-ccfd201741bd6a7d,submit_product_feedback,submit_product_feedback,no,no,,
b2w-9e1ad3e22000d177,exchange_product,exchange_product,no,yes,,
b2w-bd2570dff83e31a5,product_issue,product_issue,no,no,,
b2w-a28f73779b164747,request_invoice,request_invoice,no,yes,,
b2w-b410a5a6364f5668,product_information,submit_product_feedback,no,no,submit_product_feedback,
b2w-744c327e08094147,submit_product_feedback,submit_product_feedback,no,no,,
b2w-427f114d36805f12,product_issue,product_issue,no,no,,
b2w-586b0a736d1eb2e1,submit_product_feedback,submit_product_feedback,no,no,,
b2w-2efeba7d57227cd1,submit_product_feedback,submit_product_feedback,no,no,,
b2w-b9382aa812ba66b7,product_issue,product_issue,no,no,,
b2w-176d25300fe67726,submit_product_feedback,submit_product_feedback,no,no,,
b2w-fbe9a1f5e001b052,request_refund,product_issue,no,yes,request_refund,"O cliente já solicitou cancelamento, devolução e estorno."
b2w-c6bc7b86a865bb40,submit_product_feedback,product_issue,no,no,product_issue,
b2w-7667376887cd20e2,product_information,product_information,no,no,,
b2w-1967d2122d3bdb1f,submit_product_feedback,submit_product_feedback,no,no,,
b2w-efbe0ef708105607,product_information,submit_product_feedback,no,no,submit_product_feedback,
b2w-f973c9bc09da4fed,submit_feedback,submit_product_feedback,no,no,submit_product_feedback,O foco é a qualidade do celular; a entrega antecipada é elogio complementar.
b2w-9f0822157bc6c6c3,submit_product_feedback,submit_product_feedback,no,no,,
b2w-1b80915df63b7d0e,submit_product_feedback,submit_product_feedback,no,no,,
b2w-362315f028e37e1e,submit_product_feedback,submit_product_feedback,no,no,,
b2w-83960e51252ea715,submit_product_feedback,submit_product_feedback,no,no,,
b2w-963c3c30e0922578,submit_product_feedback,submit_product_feedback,no,no,,
b2w-18f686798b07b7e9,submit_product_feedback,submit_product_feedback,no,no,,
b2w-ade2eb9e1485c648,submit_product_feedback,submit_product_feedback,no,no,,
b2w-10de0d8303e79ef9,submit_product_feedback,submit_product_feedback,no,no,,
b2w-5ae073a9873b2d9d,submit_product_feedback,submit_product_feedback,no,no,,
b2w-838d57aaf5a4da5b,submit_product_feedback,submit_product_feedback,no,no,,
b2w-0b71757e0db97d83,submit_product_feedback,submit_product_feedback,no,no,,
b2w-27d7f08d4b301c20,submit_product_feedback,submit_product_feedback,no,no,,
b2w-b5a98ef29deac31b,submit_product_feedback,submit_product_feedback,no,no,,
b2w-ac6d0e7cc76d0740,submit_product_feedback,submit_product_feedback,no,no,,
b2w-f4f256c204d66d75,submit_product_feedback,submit_product_feedback,no,no,,
b2w-d57834c5a3ba7aa1,submit_product_feedback,submit_product_feedback,no,no,,
b2w-443475205eca24ea,submit_product_feedback,submit_product_feedback,no,no,,
b2w-9919ae1c8510f00e,product_issue,product_issue,no,yes,,
b2w-ddf8a44a102b055b,product_information,delivery_time,no,no,delivery_time,
b2w-a13357b47e76f5ce,submit_product_feedback,submit_product_feedback,no,no,,
b2w-0986273f35571af4,submit_product_feedback,submit_product_feedback,no,no,,
b2w-268d414b8a948c64,delivery_issue,delivery_issue,no,no,,
b2w-59dc1e59fea37a6e,submit_product_feedback,submit_product_feedback,no,no,,
b2w-4b34539af1c32891,submit_product_feedback,missing_item,no,yes,missing_item,
b2w-324a573db780845e,product_issue,product_issue,no,no,,
b2w-b03105c180d73e8c,wrong_item,refund_status,no,yes,refund_status,O item errado é parte do histórico; a pendência final é o reembolso após o cancelamento.
b2w-86a66b19443f22d4,submit_product_feedback,submit_product_feedback,no,no,,
b2w-04fed6abd6568ede,product_issue,product_issue,no,no,,
b2w-1c11e3de87b16ade,submit_product_feedback,delivery_time,no,no,delivery_time,
b2w-078118f129ad5f10,submit_product_feedback,submit_product_feedback,no,no,,
b2w-0914e9a114629ace,product_information,product_issue,no,yes,product_issue,
b2w-e2642f245d6f1e39,submit_product_feedback,submit_product_feedback,no,no,,
b2w-fd3d22d53c1728b0,delivery_time,delivery_time,no,no,,
b2w-9d3cce202dabe50f,delivery_time,product_information,no,no,product_information,
b2w-11f93b1cf36d3c40,submit_product_feedback,product_issue,no,no,product_issue,
b2w-ae8bd0e7b0a1191b,submit_product_feedback,product_information,no,yes,product_information,A reclamação é sobre a apresentação/oferta: a capa mostrada não é a recebida.
b2w-1a76973d4eb6cbda,submit_product_feedback,submit_product_feedback,no,no,,
b2w-aba86145010b90ce,submit_product_feedback,submit_product_feedback,no,no,,
b2w-14bd23b98af401b4,product_issue,product_issue,no,no,,
b2w-a5ea433a6dcf2903,submit_product_feedback,track_delivery,no,yes,track_delivery,O status de entregue não corresponde à realidade; o ponto é rastreamento/status da entrega.
b2w-7c3bf26ab761907e,submit_product_feedback,submit_product_feedback,no,no,,
b2w-07087d5478e11f5a,submit_product_feedback,delivery_issue,no,no,delivery_issue,
b2w-4854e7af66d7ae9a,submit_product_feedback,submit_product_feedback,no,no,,
b2w-1ee49b426024bc2c,submit_product_feedback,submit_product_feedback,no,no,,
b2w-d7296eb918c96cea,submit_product_feedback,submit_product_feedback,no,no,,
b2w-e39abf842827376a,exchange_product,product_issue,no,yes,product_issue,"Relata defeito e dificuldade de trocar, mas não formula pedido de troca novo; prevalece o defeito."
b2w-2a5e4d9671bc3c35,submit_product_feedback,submit_product_feedback,no,no,,
b2w-399209c0c14ade44,delivery_time,delivery_time,no,yes,,
b2w-cf04927dc170360b,submit_product_feedback,submit_product_feedback,no,no,,
b2w-b49e694571864393,submit_product_feedback,submit_product_feedback,no,no,,
b2w-e2a97a333658cd27,submit_product_feedback,submit_product_feedback,no,no,,
b2w-b444414462ba82b8,submit_product_feedback,submit_product_feedback,no,no,,
b2w-fe08eb56102f05b9,submit_product_feedback,submit_product_feedback,no,no,,
b2w-42ae7b0ea9057c3f,product_issue,product_issue,no,no,,
b2w-867e8b8f939481c0,submit_product_feedback,submit_product_feedback,no,no,,
b2w-66056389c3e6495d,submit_product_feedback,submit_product_feedback,no,no,,
b2w-82c4bdc64a5ada8f,submit_product_feedback,submit_product_feedback,no,no,,
b2w-88a8e6b0f055a4ac,submit_product_feedback,submit_product_feedback,no,no,,
b2w-8e9a35cd6d5a4d35,exchange_product,product_issue,no,no,product_issue,O envio para troca já ocorreu; a causa relatada é o defeito de conexão Bluetooth.
b2w-fa83ab3d1475e5a8,submit_product_feedback,submit_product_feedback,no,no,,
b2w-be3fc8bfdae46e20,delivery_issue,delivery_issue,no,no,,
b2w-cd60a8676b6100fb,product_information,delivery_time,no,no,delivery_time,
b2w-00aca595e3a2b26c,wrong_item,wrong_item,no,no,,
b2w-9bb89ed2e4fc4c13,submit_product_feedback,submit_product_feedback,no,no,,
b2w-18d52aa2778d4add,wrong_item,wrong_item,no,yes,,
b2w-a5dfa8c239c5222f,product_information,product_information,no,no,,
b2w-bf383796a50e3631,submit_product_feedback,submit_feedback,no,no,submit_feedback,
b2w-737bf07cc2b871c3,delivery_issue,delivery_issue,no,no,,
b2w-47d305040496101d,shipping_costs,shipping_costs,no,no,,
b2w-86b9c088d9dd5641,missing_item,missing_item,no,no,,
b2w-bc6d4e16386a3996,submit_product_feedback,submit_product_feedback,no,no,,
b2w-d64cbb31d3c37a3c,submit_product_feedback,missing_item,no,yes,missing_item,
b2w-42b0598da673a448,submit_product_feedback,submit_product_feedback,no,no,,
b2w-1add246146482dbc,submit_product_feedback,product_issue,no,yes,product_issue,
b2w-fd723a02adacaf95,submit_product_feedback,submit_product_feedback,no,no,,
b2w-518f2b93bf7dede1,submit_product_feedback,submit_product_feedback,no,no,,
b2w-5c6b9ac04d65bb39,submit_product_feedback,delivery_time,no,no,delivery_time,
b2w-8ec6094e28ca4aff,submit_product_feedback,submit_product_feedback,no,no,,
b2w-023abb7d2f42c11c,submit_product_feedback,submit_product_feedback,no,no,,
b2w-7616910e88b8ef18,wrong_item,wrong_item,no,yes,,
b2w-e9a37414fc835107,submit_product_feedback,submit_product_feedback,no,no,,
b2w-c2d94da07530a890,product_information,product_information,no,no,,
b2w-eb614225119595e6,submit_product_feedback,submit_product_feedback,no,no,,
b2w-cdb37cda35aa1880,submit_product_feedback,submit_product_feedback,no,no,,
b2w-dedb0ee1d7ccc0bc,submit_product_feedback,submit_product_feedback,no,no,,
b2w-d05f5ca7ce312a9a,submit_product_feedback,submit_product_feedback,no,no,,
b2w-c2f1882fe770e626,submit_product_feedback,product_issue,no,no,product_issue,
b2w-7f9ebcfbc73f1b12,submit_product_feedback,submit_product_feedback,no,no,,
b2w-80663d00c318362c,exchange_product,product_issue,no,yes,exchange_product,"Além do defeito, a demanda explícita é conseguir solicitar a troca."
b2w-3442622c4c466b5e,submit_product_feedback,submit_product_feedback,no,no,,
b2w-6b66b25836fbd19c,submit_product_feedback,submit_product_feedback,no,no,,
b2w-bb9928bd5e87b11c,submit_product_feedback,submit_product_feedback,no,no,,
b2w-fc7b7ee8061e8eba,submit_product_feedback,product_issue,no,no,wrong_item,"A marca recebida é genérica, diferente da Lorenzetti anunciada."
b2w-b50669b74cfd9616,submit_product_feedback,submit_product_feedback,no,no,,
b2w-060b8418212a8b47,submit_product_feedback,submit_product_feedback,no,no,,
b2w-b169d419b3994a08,submit_product_feedback,submit_product_feedback,no,no,,
b2w-dc82bda32dce4ab9,submit_product_feedback,submit_product_feedback,no,no,,
b2w-a789fe28d10d8968,product_information,product_issue,no,no,product_issue,
b2w-66a1a76e126301f8,submit_product_feedback,submit_product_feedback,no,no,,
b2w-ec408eb4f0f2b4bc,delivery_issue,delivery_time,no,no,delivery_time,
b2w-40bcc62708b6b9f1,submit_product_feedback,submit_product_feedback,no,no,,
b2w-43588ffae3b6d657,delivery_issue,delivery_issue,no,no,,
b2w-effd89fbad8ab641,product_information,product_information,no,no,,
b2w-65b22ef95fd7ba8a,submit_product_feedback,submit_feedback,no,yes,submit_feedback,Texto sem conteúdo suficiente para uma intenção específica.
b2w-465327fec3605c97,submit_product_feedback,submit_product_feedback,no,no,,
b2w-c4ec0cabf1042cf1,submit_product_feedback,submit_product_feedback,no,no,,
b2w-67d02beb698581e2,submit_product_feedback,submit_product_feedback,no,no,,
